Workbook

Sheet STRUCT
A2: INSTR | B2: Project Instructions
A3: =_xlfn.CONCAT(A2, "ID") -> INSTRID | B3: Instructions
A4: ID | B4: STRID | C4: Name | D4: Description
A5: 0 | B5: =_xlfn.CONCAT($A$3, ".", $A5) -> INSTRID.0 | C5: Grok Session | D5: Grok Session Exchanges are documented in `document/log/grok/` folder spreadsheets. Each exchange is documented within a session log; other session exchanges may be stored in other spreadsheets. The format and structure of these files may change thorughout project development. Each session exchange should begin with a titular name that can be used to reference the output link. Markdown output must be formatted so that it is easy to review and copy/paste within the session exchange. Serialized table data must have an ID column. Javascript code must follow style rules of omitting semi-colons from end of lines/statements; prefixing single `$` character to function definition paranthetical closures; outputting valid ES; importing paths based on examples from demonstrament and development folders; and limiting code comments throughout.
A6: 1 | B6: =_xlfn.CONCAT($A$3, ".", $A6) -> INSTRID.1 | C6: Recourse Library | D6: Review the Recourse library located at https://github.com/thomaspatrickwelborn/recourse/tree/refinement. The `refinement` branch is derived from the `main` branch and intended for different types of refinement. Review the `README.md` and `document` foldersystem for details about Recourse utility and interface. Review the `/demonstrament` folder for details about Recourse tests and Recourse validation. Review the `/development` folder for details about Recourse development. Notice that `pm2` is used to invoke different applications of development and demonstrament using Digital Flux Capacitor.
A7: 2 | B7: =_xlfn.CONCAT($A$3, ".", $A7) -> INSTRID.2 | C7: Recourse Interdependency | D7: Recourse is an original coutility authored by myself. Recourse is a dependency of my other libraries including Core-Plex (https://github.com/thomaspatrickwelborn/core-plex), Objecture (https://github.com/thomaspatrickwelborn/objecture), Document Process Manager (https://github.com/thomaspatrickwelborn/document-process-manager),
A8: 3 | B8: =_xlfn.CONCAT($A$3, ".", $A8) -> INSTRID.3 | C8: Recourse Future Development | D8: Over time there will updates to migrate property event logic from Objecture to Recourse, but it is not necessarily the current focus of this session.
A9: 4 | B9: =_xlfn.CONCAT($A$3, ".", $A9) -> INSTRID.4 | C9: Recourse Test Framework | D9: Using Document Process Manager configuration there should be a Node-based testing framework installed for this project. The implementation of the new testing framework is going to replace current examples. This project will be establish a test framework using DPM, establish some method examples, then generate all examples for all of the Recourse methods.

Sheet JECT
A1: JECT | B1: Recourse Jecture
A2: =_xlfn.CONCAT($A$1, ".", "A") -> JECT.A | B2: API Coverage & Feature Completeness
A3: TID | B3: Table Name | C3: Rationale | D3: Suggested Columns | E3: Priority
A4: =_xlfn.CONCAT($A$2, ".", "A") -> JECT.A.A | B4: Current API Surface vs. Desired/Expected Deep-Access Features | C4: Recourse has a strong but selective set of methods (get/set/delete + pand family + introspection utils). Mapping what is covered vs. common expectations in deep-object libs helps identify gaps without breaking existing style. | D4: Method/Category, Exists in Recourse?, Native JS Equivalent (if any), Common in Lodash/Ramda/es-toolkit?, Proposed Addition (if gap), Demo Impact if Added, Notes | E4: High
A5: =_xlfn.CONCAT($A$2, ".",,"B") -> JECT.A.B | B5: Tensor Coverage & Extensibility Matrix | C5: Core innovation is property tensors (Object/Map primary; Array via Object; Set commented out). This table audits which container types are fully supported and what would be needed for others (WeakMap, Set, Proxy, custom). | D5: Container Type, Getter Support, Setter Support, Deleter Support, Status (Full/Partial/Commented/None), Effort to Complete, Potential Breaking Change Risk, Test Coverage Needed | E5: High
A6: =_xlfn.CONCAT($A$2, ".",, "C") -> JECT.A.C | B6: Path Syntax & Parsing Edge-Case Coverage | C6: split-path/ is critical but regex-based and fragile on quoted/nested brackets/escapes. Catalog tested vs. untested cases to prioritize parser hardening. | D6: Path Example, Expected Subpaths, Current Behavior, Passes All Demos?, Severity of Failure, Proposed Fix (regex tweak / switch to parser lib / manual), | E6: High
A8: =_xlfn.CONCAT($A$1, ".", "B") -> JECT.B | B8: Usability, DX & Documentation
A9: TID | B9: Table Name | C9: Rationale | D9: Suggested Columns | E9: Priority
A10: =_xlfn.CONCAT($A$8, ".", "A") -> JECT.B.A | B10: Method Parameter Patterns & Consistency Audit | C10: All methods use $params + options object, but some accept variadic args or have unique signatures (e.g. compand values:true flag). Auditing helps enforce stricter uniformity. | D10: Method, Required Params, Optional Params, Options Shape, Consistent $ Naming?, Variadic Allowed?, Documented Fully?, Suggestion | E10: Medium
A11: =_xlfn.CONCAT($A$8, ".", "B") -> JECT.B.B | B11: Demonstrament Coverage Heatmap | C11: demonstrament/ uses pm2 + rigid pass true/false blocks. Map which methods have strong/weak live examples (especially pathMatch, deep nesting, Map usage). | D11: Method, Static Demo Exists?, Bound Instance Demo?, Edge Case (null/circular/large) Demo?, pathMatch Demo?, Coverage Score (High/Med/Low), Next Demo to Add | E11: Medium
A12: =_xlfn.CONCAT($A$8, ".", "C") -> JECT.B.C | B12: Documentation Completeness Checklist per Method | C12: document/methods/*.md must have standardized API + demo blocks. Quick audit for missing sections or outdated examples. | D12: .md File, Has API Section?, Has Demonstrative Test Blocks?, All Assertions End with pass true/false?, References Correct Folder Paths?, Last Updated, Action Needed | E12: Medium
A14: =_xlfn.CONCAT($A$1, ".", "C") -> JECT.C | B14: Performance & Benchmarking
A15: TID | B15: Table Name | C15: Rationale | D15: Suggested Columns | E15: Priority
A16: =_xlfn.CONCAT($A$14, ".", "A") -> JECT.C.A | B16: Micro-Benchmark Scenarios & Results Template | C16: Current perf notes are qualitative. A table outlining key scenarios (deep get, pathMatch on 10k prop obj, compand on circular structure) with columns for before/after proposed fixes (e.g. maxDepth guard, early-exit). | D16: Scenario, Input Size/Depth, Current Time (ms), After Fix Time (ms), Improvement %, Notes (e.g. stack usage) | E16: High
A17: =_xlfn.CONCAT($A$14, ".", "B") -> JECT.C.B | B17: Hot Path Call Frequency Analysis | C17: From typical usage (pand family loops call get/set/compand repeatedly). Estimate call volume to prioritize caching/optimizations that won't break mutation semantics. | D17: Calling Method, Callee, Est. Calls per Invocation, Mutable Return?, Safe to Cache?, Proposed Optimization | E17: Medium
A19: =_xlfn.CONCAT($A$1, ".", "D") -> JECT.D | B19: Future-Proofing & Ecosystem Fit
A20: TID | B20: Table Name | C20: Rationale | D20: Suggested Columns | E20: Priority
A21: =_xlfn.CONCAT($A$19, ".", "A") -> JECT.D.A | B21: Modern JS Feature Utilization & Opportunities | C21: Recourse uses classic ES patterns. Identify where newer syntax (??., ?. chaining, Object.groupBy, iterator helpers ES2025) could simplify code without breaking old envs. | D21: Feature (e.g. optional chaining), Current Workaround, Can Replace?, Lines Impacted, Demo Impact, Recommendation | E21: Medium
A22: =_xlfn.CONCAT($A$19, ".", "B") -> JECT.D.B | B22: Potential New Methods Brainstorm | C22: Brainstorm additions that align with tensors + pathing (e.g. hasProperty deep check, merge deep with tensors, query/select paths like SQL-ish). | D22: Proposed Method Name, Purpose, Signature Sketch, Fits Tensor Model?, Overlaps Existing?, Demo Value, Priority | E22: Medium
A23: =_xlfn.CONCAT($A$19, ".", "C") -> JECT.D.C | B23: Migration/Interop Guide with Similar Libs | C23: For users coming from Lodash/get, object-path, etc. Show direct mappings + where Recourse is better/worse. | D23: External Lib + Method, Recourse Equivalent, Differences (mutable vs immutable, Map support, etc.), Migration Note | E23: Low

Sheet JECT.A.A
A1: =JECT!$A$4 -> JECT.A.A | B1: =JECT!$B$4 -> Current API Surface vs. Desired/Expected Deep-Access Features
A2: ID | B2: Category / Feature | C2: Exists in Recourse? | D2: Native JS Equivalent (2025+) | E2: Common in Comparable Libs? | F2: Proposed Addition (if gap) | G2: Demo Impact if Added | H2: Notes / Priority
A3: =_xlfn.CONCAT(JECT!$A$4, ".", 0) -> JECT.A.A.0 | B3: Deep get (by dot/bracket path string) | C3: Yes (get / getProperty) | D3: Optional chaining ?. (limited) | E3: Lodash.get, Ramda.path, object-path.get | F3: — (already strong) | G3: None | H3: Supports Map keys; tensors handle polymorphism. High coverage.
A4: =_xlfn.CONCAT(JECT!$A$4, ".", 1) -> JECT.A.A.1 | B4: Deep get with default/fallback | C4: No | D4: No direct (use ?? after ?.) | E4: Lodash.get(obj, path, default), Ramda.pathOr | F4: Add $default to options in get | G4: None (opt-in) | H4: Very common request; easy opt-in. High priority.
A5: =_xlfn.CONCAT(JECT!$A$4, ".", 2) -> JECT.A.A.2 | B5: Deep set (mutate nested, auto-create intermediates) | C5: Yes (set / setProperty) | D5: No | E5: Lodash.set, object-path.set | F5: — | G5: None | H5: Infers array/object intermediates from next index/key; good but could document better.
A6: =_xlfn.CONCAT(JECT!$A$4, ".", 3) -> JECT.A.A.3 | B6: Deep set immutable (return new structure) | C6: No | D6: structuredClone + manual | E6: Ramda.assocPath (immutable), lodash.setWith | F6: New method setImmutable or {immutable: true} option | G6: Low (new demos) | H6: Recourse is mutable-core; immutable variant would be major. Medium priority.
A7: =_xlfn.CONCAT(JECT!$A$4, ".", 4) -> JECT.A.A.4 | B7: Deep delete (remove nested property) | C7: Yes (delete / deleteProperty) | D7: delete operator (shallow only) | E7: Lodash.unset, object-path.del | F7: — | G7: None | H7: Works with tensors; pathMatch variant collects deleted paths. Solid.
A8: =_xlfn.CONCAT(JECT!$A$4, ".", 5) -> JECT.A.A.5 | B8: Deep has / exists check | C8: No (use get !== undefined) | D8: No | E8: Lodash.has, Ramda.hasPath | F8: New has method (has($target, $path, $options)) | G8: None | H8: Simple tensor-based traversal; would fit perfectly. High priority.
A9: =_xlfn.CONCAT(JECT!$A$4, ".", 6) -> JECT.A.A.6 | B9: Deep merge / assign deep | C9: Partial (assign, assignConcat) | D9: Object.assign (shallow) | E9: Lodash.merge, Ramda.mergeDeep | F9: Enhance assign with {deep: true} or new mergeDeep | G9: Low (extend demos) | H9: assign is shallow; concat variant for arrays. Deep merge common expectation. Medium-High.
A10: =_xlfn.CONCAT(JECT!$A$4, ".", 7) -> JECT.A.A.7 | B10: Flatten object to path-value pairs | C10: Yes (compand with values: true) | D10: No | E10: dot-object.dot, lodash.flatten (arrays) | F10: — | G10: None | H10: compand is powerful (supports Map/Array); values flag toggles keys vs pairs. Excellent.
A11: =_xlfn.CONCAT(JECT!$A$4, ".", 8) -> JECT.A.A.8 | B11: Expand / unflatten from flat paths | C11: Yes (expand) | D11: No | E11: dot-object.object | F11: — | G11: None | H11: expand nests values along path; pairs well with compand. Unique strength.
A12: =_xlfn.CONCAT(JECT!$A$4, ".", 9) -> JECT.A.A.9 | B12: Project / pick deep properties | C12: Yes (impand) | D12: No | E12: Lodash.pick (shallow), Ramda.pick | F12: — | G12: None | H12: impand projects single path or function across structure. Innovative.
A13: =_xlfn.CONCAT(JECT!$A$4, ".", 10) -> JECT.A.A.10 | B13: Reconstruct object from flat path map | C13: Yes (decompand) | D13: No | E13: — (custom via set loops) | F13: — | G13: None | H13: decompand builds nested from flat entries. Very useful for form data/JSON transforms.
A14: =_xlfn.CONCAT(JECT!$A$4, ".", 11) -> JECT.A.A.11 | B14: Wildcard / pattern matching in paths | C14: Yes (pathMatch: true in get/set/delete) | D14: No | E14: No direct (some use minimatch libs) | F14: — (already via outmatch) | G14: None | H14: Uses outmatch for . separator; collects matching [path, value] pairs. Strong differentiator. High value.
A15: =_xlfn.CONCAT(JECT!$A$4, ".", 12) -> JECT.A.A.12 | B15: Deep keys / values / entries | C15: Yes (keys, values, entries, entities) | D15: Object.keys/values/entries (shallow) | E15: Lodash.keysDeep variants (community) | F15: — | G15: None | H15: entities gives recursive entries; very complete.
A16: =_xlfn.CONCAT(JECT!$A$4, ".", 13) -> JECT.A.A.13 | B16: Deep clone / structured clone | C16: No | D16: structuredClone (modern browsers/Node) | E16: Lodash.cloneDeep | F16: New cloneDeep using tensors (optional) | G16: New demos | H16: Could leverage compand + decompand roundtrip. Medium priority.
A17: =_xlfn.CONCAT(JECT!$A$4, ".", 14) -> JECT.A.A.14 | B17: Deep equality / isEqual | C17: No | D17: No (JSON.stringify hacky) | E17: Lodash.isEqual, Ramda.equals | F17: New isEqual with tensor traversal | G17: New demos | H17: Useful companion; could ignore prototypes or handle Maps. Medium.
A18: =_xlfn.CONCAT(JECT!$A$4, ".", 15) -> JECT.A.A.15 | B18: Freeze / seal deep | C18: Yes (full deep/recursive support via recursion + maxDepth guard + cycle protection). | D18: Object.freeze/seal (shallow) | E18: No common deep impl | F18: — | G18: None negative — new deep examples added; existing shallow ones unchanged. | H18: Medium (already works deeply; value in better docs/tests for discoverability). Strong differentiator vs. native JS (deep vs. shallow).
A19: =_xlfn.CONCAT(JECT!$A$4, ".", 16) -> JECT.A.A.16 | B19: Get / set own property descriptors deep | C19: Yes (recursive in defineProperties/defineProperty and getOwnPropertyDescriptors with maxDepth/path). | D19: Object.getOwnPropertyDescriptors | E19: No | F19: — | G19: None | H19: Recursion for nested descriptors; set side tree-based, get side path-optional. Medium value for introspection.
